features,n_features,seed,model,test_auc
desc10,10,1,RandomForest,0.7663736263736264
desc10,10,1,GradBoost,0.7489657401422107
desc10,10,2,RandomForest,0.7217878212919866
desc10,10,2,GradBoost,0.6932791793898786
desc10,10,3,RandomForest,0.7527817451091109
desc10,10,3,GradBoost,0.7542764141229615
desc10,10,4,RandomForest,0.7325327092046197
desc10,10,4,GradBoost,0.7145071557380196
desc10,10,5,RandomForest,0.717293586269196
desc10,10,5,GradBoost,0.7038229448961156
rdkit_all,217,1,RandomForest,0.8290864037922862
rdkit_all,217,1,GradBoost,0.8295022624434389
rdkit_all,217,2,RandomForest,0.7902041149091341
rdkit_all,217,2,GradBoost,0.7824034271145237
rdkit_all,217,3,RandomForest,0.822479821968313
rdkit_all,217,3,GradBoost,0.8235294117647058
rdkit_all,217,4,RandomForest,0.8068756474695928
rdkit_all,217,4,GradBoost,0.8138894217856733
rdkit_all,217,5,RandomForest,0.8017344173441735
rdkit_all,217,5,GradBoost,0.8034327009936766
morgan_bits,2048,1,RandomForest,0.8231178625296273
morgan_bits,2048,1,GradBoost,0.8220728291316526
morgan_bits,2048,2,RandomForest,0.8004913877442116
morgan_bits,2048,2,GradBoost,0.7767409801073195
morgan_bits,2048,3,RandomForest,0.842335669445644
morgan_bits,2048,3,GradBoost,0.8071644468063905
morgan_bits,2048,4,RandomForest,0.8300464259678472
morgan_bits,2048,4,GradBoost,0.8022483981122664
morgan_bits,2048,5,RandomForest,0.7757904245709124
morgan_bits,2048,5,GradBoost,0.7706160794941284
morgan_counts,2048,1,RandomForest,0.8291101055806939
morgan_counts,2048,1,GradBoost,0.8346390864037923
morgan_counts,2048,2,RandomForest,0.8022998132281877
morgan_counts,2048,2,GradBoost,0.7899632385639324
morgan_counts,2048,3,RandomForest,0.8411233268010762
morgan_counts,2048,3,GradBoost,0.8192945162254626
morgan_counts,2048,4,RandomForest,0.8431109235314429
morgan_counts,2048,4,GradBoost,0.8107815677397077
morgan_counts,2048,5,RandomForest,0.7886973803071364
morgan_counts,2048,5,GradBoost,0.7851851851851851
maccs,167,1,RandomForest,0.8058500323206206
maccs,167,1,GradBoost,0.813813833225598
maccs,167,2,RandomForest,0.7450194183392131
maccs,167,2,GradBoost,0.7469019596217129
maccs,167,3,RandomForest,0.8273889793071378
maccs,167,3,GradBoost,0.8123957883548677
maccs,167,4,RandomForest,0.8062041975213905
maccs,167,4,GradBoost,0.7783984959521161
maccs,167,5,RandomForest,0.7706558265582655
maccs,167,5,GradBoost,0.7643143631436315
rdkit_all+counts,2265,1,RandomForest,0.8327601809954751
rdkit_all+counts,2265,1,GradBoost,0.8507563025210085
rdkit_all+counts,2265,2,RandomForest,0.7987385491091281
rdkit_all+counts,2265,2,GradBoost,0.8017550621090391
rdkit_all+counts,2265,3,RandomForest,0.828724216959511
rdkit_all+counts,2265,3,GradBoost,0.8368153585544889
rdkit_all+counts,2265,4,RandomForest,0.8175075777922726
rdkit_all+counts,2265,4,GradBoost,0.8228139508114951
rdkit_all+counts,2265,5,RandomForest,0.8057127371273713
rdkit_all+counts,2265,5,GradBoost,0.8122565492321591
