chembl_id,can_smiles,label,score,confidence,MW,LogP,TPSA,HBD,HBA,RotB,Rings,AroRings,Fsp3,HeavyAtoms
CHEMBL1193496,C/N=C(\N)SCCC(=O)O,0,0.888,0.888,162.214,0.1387999999999999,75.67999999999999,2,3,3,0,0,0.6,10
CHEMBL1257015,COc1ccc(C(=O)NCc2cccnc2)cc1C(=O)NCc1cccnc1,1,0.114,0.886,376.4160000000001,2.3452,93.21,2,5,7,3,3,0.1428571428571428,28
CHEMBL4297223,O=C(c1ccc(NS(=O)(=O)c2cccc3cccnc23)cc1)N1CCN(CC2CC2)CC1,1,0.154,0.846,450.5640000000003,3.203400000000001,82.60999999999999,1,5,6,5,3,0.3333333333333333,32
CHEMBL43,COc1cc(NS(C)(=O)=O)ccc1Nc1c2ccccc2nc2ccccc12,1,0.168,0.832,393.4680000000002,4.511700000000003,80.32,2,5,5,4,4,0.0952380952380952,28
CHEMBL3391728,CC(=O)[C@H]1CC[C@H]2[C@@H]3CC[C@H]4CC(=O)CC[C@]4(C)[C@H]3[C@H](O)C[C@]12C,0,0.824,0.824,332.48400000000004,3.774200000000003,54.370000000000005,1,3,1,4,0,0.9047619047619048,24
CHEMBL1909289,CCOC(Nc1ccc(C(=O)O)cc1)C(=O)c1ccc(-c2ccccc2)cc1,1,0.188,0.812,375.424,4.709200000000003,75.63,2,4,8,3,3,0.1304347826086956,28
CHEMBL118,Cc1ccc(-c2cc(C(F)(F)F)nn2-c2ccc(S(N)(=O)=O)cc2)cc1,1,0.188,0.812,381.3790000000001,3.5139200000000006,77.98,1,3,3,3,3,0.1176470588235294,26
CHEMBL1618376,C=CCN1CC[C@]23c4c5ccc(O)c4O[C@H]2/C(=N\N=C2/CC[C@@]4(O)[C@H]6Cc7ccc(O)c8c7[C@@]4(CCN6CC=C)[C@H]2O8)CC[C@@]3(O)[C@H]1C5,0,0.808,0.808,650.7760000000003,3.2752000000000026,130.58,4,10,5,10,2,0.5263157894736842,48
CHEMBL1709578,CC1CCC(C(O)(C(=O)O)C2CCCCC2)CC1C,0,0.808,0.808,268.39699999999993,3.4547000000000025,57.53,2,2,3,2,0,0.9375,19
CHEMBL550348,O=C(O)c1ccc(-n2nc(-c3ccccc3O)nc2-c2ccccc2O)cc1,1,0.21,0.79,373.3680000000001,3.710700000000001,108.47,3,5,4,4,4,0.0,28
CHEMBL571546,O=C(Cc1ccc(-c2ccc(OCCN3CCOCC3)cc2)cn1)NCc1ccccc1,1,0.21,0.79,431.5360000000001,3.318500000000001,63.69,1,5,9,4,3,0.3076923076923077,32
CHEMBL299618,O=C1NCC[C@@H]2CNC(=O)[C@H]12,0,0.786,0.786,154.169,-1.1315000000000004,58.2,2,2,0,2,0,0.7142857142857143,11
CHEMBL144755,CC(C(=O)N(C)C1CCCCC1)C1(O)CCN(C)CC1,0,0.784,0.784,282.428,1.8702999999999996,43.78000000000001,1,3,3,2,0,0.9375,20
CHEMBL2113497,Nc1nc(C#CC2(O)CCCCC2)nc2c1ncn2[C@@H]1O[C@H](CO)[C@@H](O)[C@H]1O,0,0.774,0.774,389.412,-0.9333000000000004,159.76999999999998,5,9,2,4,2,0.6111111111111112,28
CHEMBL1257051,Cn1nnc(-c2ccc(-c3ccc(N4C[C@H](CO)OC4=O)cc3F)cn2)n1,1,0.234,0.766,370.3440000000001,1.3957,106.26000000000002,1,7,4,4,3,0.2352941176470588,27
CHEMBL395489,O=c1[nH]c(=S)ccn1[C@@H]1O[C@H](CO)[C@@H](O)[C@H]1F,0,0.766,0.766,262.262,-0.5054100000000002,87.48,3,5,2,2,1,0.5555555555555556,17
CHEMBL1946573,CCCCCCCCCCCCCCC(O)CN1CCOCC1,0,0.766,0.766,327.5530000000001,4.770700000000004,32.7,1,3,15,1,0,1.0,23
CHEMBL1504703,Cc1nc(N)sc1C(=O)NN,0,0.764,0.764,172.213,-0.36278,94.03,3,5,1,1,1,0.2,11
CHEMBL111,Cc1c(C(=O)NN2CCCCC2)nn(-c2ccc(Cl)cc2Cl)c1-c1ccc(Cl)cc1,1,0.24,0.76,463.79600000000016,5.938620000000005,50.16,1,3,4,4,3,0.2727272727272727,30
CHEMBL521686,O=C(c1cc(Cc2n[nH]c(=O)c3ccccc23)ccc1F)N1CCN(C(=O)C2CC2)CC1,1,0.246,0.754,434.47100000000034,2.3474000000000004,86.37,1,4,4,5,3,0.3333333333333333,32
CHEMBL3989691,CC1=NN(c2ccc(C)c(C)c2)C(=O)/C1=N\Nc1cccc(-c2cccc(C(=O)O)c2)c1O,1,0.252,0.748,442.47500000000014,4.564840000000005,114.59,3,6,5,4,3,0.12,33
CHEMBL62310,C[C@]12CC[C@H](C3CCCCC3)C[C@@]1(O)CC[C@@H]2C/C=N\OCCN,0,0.744,0.744,336.52000000000004,3.865400000000002,67.84,2,4,6,3,0,0.95,24
CHEMBL4090160,CCCCn1cc(CO)[n+](CCC)n1,0,0.742,0.742,198.2899999999999,0.8729999999999998,41.93,1,2,6,1,1,0.8,14
CHEMBL1501833,O=[N+]([O-])c1ncn(CCn2cnc([N+](=O)[O-])n2)n1,0,0.732,0.732,254.16600000000005,-0.6138000000000001,147.7,0,8,5,2,2,0.3333333333333333,18
CHEMBL2103837,O=C(O)c1ccc2nc(-c3cc(Cl)cc(Cl)c3)oc2c1,1,0.27,0.73,308.12000000000006,4.4998000000000005,63.33,1,3,2,3,3,0.0,20
CHEMBL544423,CCCCCCCCCCCCCC1CC(=O)NCCCNCCCNCCCN1,0,0.73,0.73,424.7180000000003,4.515100000000002,65.19,4,4,12,1,0,0.96,30
CHEMBL1164729,Cc1nc(-c2ccc(OCC(C)C)c(C#N)c2)sc1C(=O)O,1,0.272,0.728,316.382,3.723200000000002,83.21,1,5,5,2,2,0.3125,22
CHEMBL3989820,Cc1ccc(-c2nc3ccc(C)cn3c2CC(=O)N(C)C)cc1,1,0.276,0.724,307.39700000000005,3.2488400000000013,37.61000000000001,0,2,3,3,3,0.2631578947368421,23
CHEMBL222559,CCC[C@@]1(CCc2ccccc2)CC(O)=C([C@H](CC)c2cccc(NS(=O)(=O)c3ccc(C(F)(F)F)cn3)c2)C(=O)O1,1,0.278,0.722,602.6750000000001,7.325500000000007,105.59000000000002,2,6,11,4,3,0.3548387096774194,42
CHEMBL2106155,COc1ccc(C(=O)Nc2ccccc2CCC2CCCCN2C)cc1,1,0.28,0.72,352.4780000000001,4.364400000000003,41.57,1,3,6,3,2,0.4090909090909091,26
CHEMBL1800159,CONC(=O)Nc1ccc(-c2sc3c(c2CN(C)C)c(=O)n(-c2ccc(OC)nn2)c(=O)n3Cc2c(F)cccc2F)cc1,1,0.28,0.72,623.6420000000004,3.7505000000000024,132.61,2,9,9,5,5,0.2068965517241379,44
CHEMBL231779,COc1ccc(-n2nc(C(N)=O)c3c2C(=O)N(c2ccc(N4CCCCC4=O)cc2)CC3)cc1,1,0.28,0.72,459.5060000000003,2.699600000000001,110.76,1,5,5,5,3,0.28,34
CHEMBL502,COc1cc2c(cc1OC)C(=O)C(CC1CCN(Cc3ccccc3)CC1)C2,1,0.284,0.716,379.50000000000017,4.361100000000004,38.77,0,4,6,4,2,0.4583333333333333,28
CHEMBL476018,CC1CCN(CCCOCCCOc2ccc(Cl)cc2)CC1,0,0.716,0.716,325.88000000000005,4.247500000000004,21.700000000000003,0,3,9,2,1,0.6666666666666666,22
CHEMBL1148,Cc1cccc(Nc2ccncc2S(=O)(=O)NC(=O)NC(C)C)c1,1,0.286,0.714,348.4280000000001,2.5299199999999997,100.19,3,5,5,2,2,0.25,24
CHEMBL348442,COC(=O)CCC/C=C\C[C@@H]1[C@@H](/C=C/[C@@H](O)CSC2=CCCCC2)[C@H](O)C[C@@H]1O,0,0.714,0.714,424.6030000000003,3.742100000000003,86.99000000000001,3,6,11,2,0,0.6956521739130435,29
CHEMBL1208155,COc1cccc(-c2c(C)n(Cc3c(F)cccc3C(F)(F)F)c(=O)n(C[C@H](NCCCC(=O)O)c3ccccc3)c2=O)c1F,1,0.286,0.714,631.5980000000003,5.535020000000003,102.56,2,5,12,4,4,0.28125,45
CHEMBL3499258,CC(C)CN1CC[C@@H]2[C@@H]1CCN2C(=O)N(C)C,0,0.71,0.71,239.36299999999991,1.4726,26.79,0,2,2,2,0,0.9230769230769232,17
CHEMBL227875,O=[N+]([O-])c1cn2c(n1)OC[C@@H](OCc1ccc(OC(F)(F)F)cc1)C2,1,0.29,0.71,359.26,2.667700000000001,88.65,0,6,5,3,2,0.3571428571428571,25
CHEMBL84,CC[C@@]1(O)C(=O)OCc2c1cc1n(c2=O)Cc2cc3c(CN(C)C)c(O)ccc3nc2-1,1,0.294,0.706,421.4530000000002,1.8468,104.89,2,7,3,5,3,0.3478260869565217,31
CHEMBL1201179,CS(=O)(=O)CCNCc1ccc(-c2ccc3ncnc(Nc4ccc(OCc5cccc(F)c5)c(Cl)c4)c3c2)o1,1,0.294,0.706,581.0690000000002,6.139100000000005,106.35,2,8,11,5,5,0.1724137931034483,40
CHEMBL1201288,O=C1CN(/N=C/c2ccc(-c3ccc([N+](=O)[O-])cc3)o2)C(=O)N1,1,0.294,0.706,314.257,1.7404999999999995,118.05,1,6,4,3,2,0.0714285714285714,23
CHEMBL4101807,CC(C)n1nccc1-c1ncccc1COc1cccc(O)c1C=O,1,0.294,0.706,337.379,3.623100000000002,77.24000000000001,1,5,6,3,3,0.2105263157894736,25
CHEMBL3311228,O[C@@](Cn1cnnn1)(c1ccc(F)cc1F)C(F)(F)c1ccc(-c2ccc(OCC(F)(F)F)cc2)cn1,1,0.3,0.7,527.4000000000002,4.6342000000000025,85.95,1,6,8,4,4,0.217391304347826,37
CHEMBL3353410,C=CC(=O)Nc1cc(Nc2nccc(-c3cn(C)c4ccccc34)n2)c(OC)cc1N(C)CCN(C)C,1,0.3,0.7,499.6190000000003,4.509800000000003,87.55,2,7,10,4,4,0.25,37
CHEMBL54349,CCCN(CCC)C(=O)Cc1c(-c2ccc(Cl)cc2)nc2ccc(Cl)cn12,1,0.3,0.7,404.34100000000007,5.4992000000000045,37.61,0,2,7,3,3,0.3333333333333333,27
CHEMBL3545367,Cc1ncc(OC[C@@]2(c3cccc(F)c3)C[C@H]2C(=O)Nc2ccc(F)cn2)c(C)n1,1,0.302,0.698,410.4240000000001,3.742040000000002,77.0,1,5,6,4,3,0.2727272727272727,30
CHEMBL348000,O=C(O)c1cc(-c2ccccc2)nc2ccccc12,1,0.302,0.698,249.269,3.6000000000000014,50.19,1,2,2,3,3,0.0,19
CHEMBL47624,CC(C)C1=Cc2ccc3c(c2C(=O)C1=O)CCCCCC3,0,0.696,0.696,282.383,4.150400000000004,34.14,0,2,1,3,1,0.4736842105263157,21
CHEMBL483211,CC1C=CNC2=C1C(=O)c1c(O)ccc(O)c1C2=O,0,0.696,0.696,257.245,1.4838999999999998,86.63,3,5,0,3,1,0.1428571428571428,19
CHEMBL2105669,Cn1nnc(-c2ccc(-c3ccc(N4C[C@H](COP(=O)(O)O)OC4=O)cc3F)cn2)n1,1,0.306,0.694,450.3230000000001,1.5126999999999995,152.79000000000002,2,8,6,4,3,0.2352941176470588,31
CHEMBL3833319,CN(CCN1CCC(OC(=O)Nc2ccccc2-c2ccccc2)CC1)C(=O)c1ccc(CN2CCC(C(N)=O)CC2)cc1,1,0.306,0.694,597.7600000000002,4.836000000000004,108.21,2,6,10,5,3,0.4,44
CHEMBL340978,CC(C(=O)O)c1ccc2oc(-c3ccc(Cl)cc3)nc2c1,1,0.306,0.694,301.729,4.336300000000002,63.33,1,3,3,3,3,0.125,21
CHEMBL518924,NCCCCN(Cc1nc2ccccc2[nH]1)[C@H]1CCCc2cccnc21,1,0.316,0.6839999999999999,349.4820000000002,3.5764000000000022,70.83,2,4,7,4,3,0.4285714285714285,26
CHEMBL3989556,CCN1CCC[C@H]1CNC(=O)c1c(OC)ccc(Br)c1OC,1,0.32,0.6799999999999999,371.2750000000001,2.680400000000001,50.80000000000001,1,4,6,2,1,0.5625,22
CHEMBL1200522,COc1ccc(C(=O)CC(=O)c2ccc(C(C)(C)C)cc2)cc1,1,0.322,0.6779999999999999,310.393,4.448400000000004,43.370000000000005,0,3,5,2,2,0.3,23
CHEMBL4594217,Cc1ccc([C@@H]2O[C@H](CO)[C@@H](O)[C@H](O)[C@H]2O)cc1Cc1ccc(-c2ccc(F)cc2)s1,1,0.324,0.6759999999999999,444.52400000000017,2.968320000000001,90.15,4,6,5,4,3,0.3333333333333333,31
CHEMBL4216467,CCn1c(=O)c(-c2cc(NC(=O)Nc3ccccc3)c(F)cc2Br)cc2cnc(NC)cc21,1,0.326,0.6739999999999999,510.36700000000013,5.670700000000004,88.05000000000001,3,4,5,4,4,0.125,33
CHEMBL2147777,Cc1cc(N2CCN([C@@H]3CN[C@H](C(=O)N4CCSC4)C3)CC2)n(-c2ccccc2)n1,1,0.326,0.6739999999999999,426.5900000000002,1.5661200000000006,56.64,1,6,4,5,2,0.5454545454545454,30
CHEMBL518520,Cc1nnc(C(=O)NC(C)(C)c2nc(C(=O)NCc3ccc(F)cc3)c(O)c(=O)n2C)o1,1,0.33,0.6699999999999999,444.4230000000002,0.9115199999999996,152.24,3,8,6,3,3,0.3,32
CHEMBL1200987,CCCCc1ncc(/C=C(\Cc2cccs2)C(=O)O)n1Cc1ccc(C(=O)O)cc1,1,0.332,0.6679999999999999,424.52200000000016,4.744400000000003,92.42,2,4,10,3,3,0.2608695652173913,30
CHEMBL2024517,CN(C)C(=O)N[C@H]1CC[C@H](CCN2CCN(c3cccc(Cl)c3Cl)CC2)CC1,1,0.332,0.6679999999999999,427.4200000000002,4.335500000000003,38.82000000000001,1,3,5,3,1,0.6666666666666666,28
CHEMBL2105700,COc1nc2ccc(Br)cc2cc1[C@@H](c1ccccc1)[C@@](O)(CCN(C)C)c1cccc2ccccc12,1,0.334,0.6659999999999999,555.5160000000003,7.1305000000000085,45.59,1,4,8,5,5,0.21875,37
CHEMBL2105708,Cc1ccc(C(=O)Nc2ccc(CN3CCN(C)CC3)c(C(F)(F)F)c2)cc1C#Cc1cnc2cccnn12,1,0.336,0.6639999999999999,532.5700000000002,4.456020000000003,65.77000000000001,1,5,4,5,4,0.2758620689655172,39
CHEMBL599,Cc1cnc(NC(=O)C2=C(O)c3ccccc3S(=O)(=O)N2C)s1,1,0.34,0.6599999999999999,351.4090000000001,1.95092,99.59999999999998,2,6,2,3,2,0.1428571428571428,23
CHEMBL2419075,O=C(OC1CSSC1)c1ccc(Cl)cc1,0,0.658,0.658,260.767,3.2604000000000015,26.3,0,4,2,2,1,0.3,15
CHEMBL485813,CCCC(/C=C/C=C/C=C/C#CC#CCCCOCOCCOC)OCOCCOC,0,0.658,0.658,434.57300000000026,3.8849000000000022,55.38000000000001,0,6,19,0,0,0.6,31
CHEMBL2105709,CC(C)(C)c1cc(NC(=O)Nc2ccc(-c3cn4c(n3)sc3cc(OCCN5CCOCC5)ccc34)cc2)no1,1,0.342,0.6579999999999999,560.6800000000004,5.856500000000005,106.16,2,8,7,6,5,0.3448275862068966,40
CHEMBL53292,Cc1cc(NC(=O)C2=C(O)c3ccccc3S(=O)(=O)N2C)no1,1,0.344,0.656,335.3410000000001,1.48242,112.74,2,6,2,3,2,0.1428571428571428,23
CHEMBL3260977,CC(NCCCN(C)C)[C@H]1[C@@H](O)C[C@H]2[C@@H]3CC[C@H]4C[C@@H](O)CC[C@]4(C)[C@H]3CC[C@@]21C,0,0.654,0.654,420.6820000000003,3.9068000000000014,55.73,3,4,6,4,0,1.0,30
CHEMBL3936077,COC(=O)/C=C/CCCOP(=O)(O)CP(=O)(O)OC[C@H]1O[C@@H](n2cnc3c(=O)[nH]c(N)nc32)[C@H](O)[C@@H]1O,0,0.654,0.654,567.3850000000004,-0.8080999999999992,258.64,6,13,12,3,2,0.5555555555555556,37
CHEMBL4650215,C[C@H](Nc1ccc2c(c1)OCCn1cc(N3C(=O)OC[C@H]3C(F)F)nc1-2)C(N)=O,1,0.346,0.654,407.37700000000007,1.8184999999999996,111.71,2,6,5,4,2,0.3888888888888889,29
CHEMBL998,CCOC(=O)N1CCC(=C2c3ccc(Cl)cc3CCc3cccnc32)CC1,1,0.348,0.652,382.89100000000025,4.887800000000005,42.43,0,3,1,4,2,0.3636363636363636,27
CHEMBL595948,N#Cc1ccc2[nH]c(C(=O)O)nc2c1,0,0.648,0.648,187.158,1.13278,89.77,2,3,1,2,2,0.0,14
CHEMBL2216870,CC[C@H](Nc1ncnc2[nH]cnc12)c1nc2cccc(F)c2c(=O)n1-c1ccccc1,1,0.352,0.648,415.4320000000002,3.7543000000000015,101.38000000000002,2,6,5,5,5,0.1363636363636363,31
CHEMBL729,Cc1cccc(C)c1OCC(=O)N[C@@H](Cc1ccccc1)[C@@H](O)C[C@H](Cc1ccccc1)NC(=O)[C@H](C(C)C)N1CCCNC1=O,1,0.358,0.642,628.8139999999999,4.328140000000003,120.0,4,5,15,4,3,0.4324324324324324,46
CHEMBL1201216,Cc1ccccc1N1CCN(CCc2nnc3n2CCCC3)CC1,1,0.358,0.642,325.46000000000015,2.2875200000000007,37.190000000000005,0,4,4,4,2,0.5789473684210527,24
CHEMBL527,CN1C(C(=O)Nc2ccccn2)=C(O)c2ccccc2S1(=O)=O,1,0.358,0.642,331.35300000000007,1.5809999999999995,99.6,2,5,2,3,2,0.0666666666666666,23
CHEMBL3357928,CC(=O)OC[C@@H]1O[C@@H](n2c(=O)n(C)c(=O)c3c2no[n+]3[O-])[C@H](OC(C)=O)[C@H]1OC(C)=O,0,0.642,0.642,442.3370000000002,-2.3544999999999945,185.09999999999997,0,12,5,3,2,0.5625,31
CHEMBL519158,CC(C)[C@@]1(O)[C@@H](OC(=O)c2cccnc2)[C@@]2(O)[C@]3(C)C[C@@]4(O)O[C@@]5([C@H](O)[C@@H](C)CC[C@]35O)[C@@]2(O)[C@@]41C,0,0.636,0.636,505.5640000000003,-0.1207000000000012,169.79999999999998,6,10,3,7,1,0.7692307692307693,36
CHEMBL204656,COc1cc2c(cc1Cc1cccc(Cl)c1F)c(=O)c(C(=O)O)cn2[C@H](CO)C(C)C,1,0.364,0.636,447.8900000000002,4.281000000000002,88.76,2,4,7,3,3,0.3043478260869565,31
CHEMBL91397,Cc1cncc(CN2CCC(=C3c4ccc(Cl)cc4CCc4cccnc43)CC2)c1,1,0.366,0.634,415.96800000000025,5.6349200000000055,29.020000000000003,0,3,2,5,3,0.3076923076923077,30
CHEMBL135400,CN1CCN(C(=O)OC2c3nccnc3C(=O)N2c2ccc(Cl)cn2)CC1,1,0.368,0.632,388.8150000000001,1.5679999999999998,91.76,0,7,2,4,2,0.3529411764705882,27
CHEMBL2207480,C[C@@H]1C[C@H]([C@H](O)C(C)(C)O)O[C@H]2[C@H]1[C@@]1(C)CC[C@@]34C[C@@]35CC[C@H](OC(=O)NCCN(C)C)C(C)(C)[C@@H]5CC[C@H]4[C@]1(C)[C@H]2O,0,0.628,0.628,604.8730000000003,4.5880000000000045,111.49,4,7,6,6,0,0.9714285714285714,43
CHEMBL2070620,O=C1C=CC[C@@H](c2cccs2)O1,0,0.626,0.626,180.228,2.2923,26.3,0,3,1,2,1,0.2222222222222222,12
CHEMBL5315120,CCCCC1(CCCC)CN(c2ccccc2)c2cc(SC)c(OCC(=O)N[C@@H](C(=O)N[C@@H](CC)C(=O)O)c3ccc(O)cc3)cc2S(=O)(=O)N1,1,0.374,0.626,740.9450000000004,5.879000000000006,174.37,5,9,17,4,3,0.4324324324324324,51
CHEMBL1201734,Cn1c(CCCC(=O)O)nc2cc(N(CCCl)CCCl)ccc21,1,0.382,0.618,358.26900000000006,3.2646000000000024,58.36000000000001,1,3,9,2,2,0.5,23
CHEMBL1096146,CCC/N=C1\S/C(=C\c2ccc(OC[C@H](O)CO)c(Cl)c2)C(=O)N1c1ccccc1C,1,0.382,0.618,460.9830000000001,4.267320000000003,82.36,2,6,8,3,2,0.3043478260869565,31
CHEMBL3813873,FC(F)(F)c1ccc(CNc2ccc(Cc3c[nH]c4ncc(Cl)cc34)cn2)cn1,1,0.384,0.616,417.82200000000006,5.228000000000002,66.49000000000001,2,4,5,4,4,0.15,29
CHEMBL3703897,CCc1ccc(Cc2cc([C@@H]3O[C@H](CO)[C@@H](O)[C@H](O)[C@H]3O)c3c(c2Cl)CC(C)S3)cc1,0,0.614,0.614,465.01100000000014,3.0448000000000013,90.15,4,6,5,4,2,0.5,31
CHEMBL3747873,Nc1nc(Cl)nc2c1ncn2[C@@H]1O[C@H](COP(=O)(S)OP(=O)(O)C(Cl)P(=O)(O)OP(=O)(S)OC[C@H]2O[C@@H](n3cnc4c(N)nc(Cl)nc43)[C@H](O)[C@@H]2O)[C@@H](O)[C@H]1O,0,0.61,0.61,969.89,1.4112000000000002,384.28,10,22,14,6,4,0.5238095238095238,56
CHEMBL298734,NC(=O)N1CCC(CC(=O)N2CCC([C@H]3c4ncc(Br)cc4CCc4cc(Cl)cc(Br)c43)CC2)CC1,1,0.39,0.61,638.8319999999999,5.909900000000006,79.53,1,3,3,5,2,0.5185185185185185,36
CHEMBL557125,C[C@H](CCCCC(=O)NCCCN1CCCC1=O)O[C@@H]1O[C@@H](C)[C@H](O)C[C@H]1O,0,0.608,0.608,400.5160000000001,0.9373000000000008,108.33,3,6,11,2,0,0.9,28
CHEMBL423465,CO/N=C(\c1ccc(C(=O)O)cc1)c1cc2c(cc1C)C(C)(C)CCC2(C)C,0,0.608,0.608,379.5000000000002,5.441020000000005,58.89,1,3,4,3,2,0.4166666666666667,28
CHEMBL1444,N#Cc1ccc(C(c2ccc(C#N)cc2)n2cncn2)cc1,1,0.392,0.608,285.31,2.65916,78.29,0,4,3,3,3,0.0588235294117647,22
CHEMBL4650319,C=CC(=O)Nc1cc(Nc2ncc(C(=O)OC(C)C)c(-c3cn(C)c4ccccc34)n2)c(OC)cc1N(C)CCN(C)C,1,0.394,0.606,585.709,5.075000000000005,113.85,2,9,12,4,4,0.3125,43
CHEMBL51,O=C(c1ccc(F)cc1)C1CCN(CCn2c(=O)[nH]c3ccccc3c2=O)CC1,1,0.398,0.602,395.43400000000014,2.423800000000001,75.17,1,4,5,4,3,0.3181818181818182,29
CHEMBL612191,C[C@@H](CCc1ccc(O)cc1)O[C@@H]1O[C@H](CO[C@@H]2O[C@@H](CO)[C@H](O)[C@H]2O)[C@@H](O)[C@H](O)[C@H]1O,0,0.6,0.6,460.4760000000001,-2.0068999999999986,178.53,7,11,9,3,1,0.7142857142857143,32
CHEMBL2334568,CC1(C)C(=O)C(I)=C[C@]2(C)C3=CC=C4[C@@H]5C[C@@](C)(C(=O)O)CC[C@]5(C)CC[C@@]4(C)[C@]3(C)CC[C@@H]12,0,0.598,0.598,576.5590000000003,7.900600000000007,54.370000000000005,1,2,1,5,0,0.7333333333333333,34
CHEMBL2206210,O=c1c(O)c(-c2ccc(O[C@@H]3O[C@H](CO)[C@@H](O)[C@H](O)[C@H]3O)c(O)c2)oc2cc(O[C@@H]3O[C@H](CO)[C@@H](O)[C@H](O)[C@H]3O)cc(O)c12,0,0.596,0.596,626.5200000000004,-3.0658,289.65999999999997,11,17,7,5,3,0.4444444444444444,44
CHEMBL3980004,COC(=O)O[C@H]1CC[C@]2(C)[C@H]3C[C@@H](O)[C@@H]4[C@@H]([C@@](C)(CCCC(C)(C)O)OC)CC[C@@]4(C)[C@]3(C)CC[C@H]2C1(C)C,0,0.596,0.596,550.8210000000005,7.14020000000001,85.22000000000001,2,6,7,4,0,0.9696969696969696,39
CHEMBL1183177,CCN(CCCn1cc[n+](C)c1/C=N/O)S(=O)(=O)C(F)(F)F,0,0.596,0.596,343.35100000000006,0.6822999999999999,78.78,1,4,7,1,1,0.6363636363636364,22
CHEMBL3480110,C[C@@H]1CN(c2nc3c(cc2C(N)=O)CCC3)C[C@]1(C)O,0,0.594,0.594,275.3519999999999,0.8763000000000003,79.45,2,4,2,3,1,0.6,20
CHEMBL2105760,O=c1ccc2ccc(OCCCCN3CCN(c4cccc5sccc45)CC3)cc2[nH]1,1,0.406,0.594,433.5770000000001,4.724000000000004,48.57,1,5,7,5,4,0.32,31
CHEMBL1201303,Cc1cc(/C=C/c2ccc3cc(N(C)C)ccc3[n+]2C)c(C)n1-c1ccccc1,1,0.406,0.594,382.5310000000001,5.308240000000004,12.05,0,1,4,4,4,0.1923076923076923,29
CHEMBL3928222,C=C1C(=O)[C@]23[C@H](OC(=O)CC(CCCCCCCCCCCC)C(=O)O)[C@H]1CC[C@H]2[C@@]12CO[C@@]3(O)[C@@H](O)[C@@H]1C(C)(C)CC[C@@H]2O,0,0.594,0.594,632.8350000000003,5.328400000000008,150.59,4,8,15,6,0,0.8611111111111112,45
CHEMBL3989514,CCc1c2c(nc3ccc(OC(=O)N4CCC(N5CCCCC5)CC4)cc13)-c1cc3c(c(=O)n1C2)COC(=O)[C@]3(O)CC,1,0.408,0.5920000000000001,586.6890000000004,4.0911000000000035,114.2,1,8,4,7,3,0.5151515151515151,43
CHEMBL3989868,Cc1cc(Nc2ncnc3ccc(NC4=NC(C)(C)CO4)cc23)ccc1Oc1ccn2ncnc2c1,1,0.408,0.5920000000000001,480.53200000000027,5.093520000000003,110.85,2,9,5,6,5,0.1923076923076923,36
CHEMBL4594273,CCNCCc1ccc(CN(CC)c2cc(OC)ccc2[C@@H]2CCc3cc(O)ccc3C2)cc1,1,0.408,0.5920000000000001,458.6460000000002,5.851800000000007,44.73,2,4,10,4,3,0.4,34
CHEMBL1531864,CN1CCN(CC(=O)N2c3ccccc3C(=O)Nc3cccnc32)CC1,1,0.41,0.5900000000000001,351.41000000000014,1.5593999999999992,68.78,1,5,2,4,2,0.3157894736842105,26
CHEMBL1200541,CC[N+](CC)(CCNC(=O)C(=O)NCC[N+](CC)(CC)Cc1ccccc1Cl)Cc1ccccc1Cl,1,0.412,0.5880000000000001,537.5760000000002,4.639200000000005,58.2,2,2,14,2,2,0.5,36
CHEMBL2364607,O=C(c1ccc(F)c(F)c1Nc1ccc(I)cc1F)N1CC(O)([C@@H]2CCCCN2)C1,1,0.412,0.5880000000000001,531.3160000000003,3.781100000000002,64.60000000000001,3,4,4,4,2,0.3809523809523809,30
CHEMBL2103883,O=C(Nc1nc(-c2cc(Cl)cs2)c(N2CCN(C3CCCCC3)CC2)s1)c1cnc(N2CCC(C(=O)O)CC2)c(Cl)c1,1,0.412,0.5880000000000001,649.6700000000003,6.581400000000007,101.90000000000002,2,9,7,6,3,0.5172413793103449,42
CHEMBL2152372,CN1C[C@@H](c2ccccc2)OC(=O)CC/C=C/C[C@@H](Cc2ccc(Cl)cc2)C1=O,0,0.588,0.588,411.92900000000014,4.981700000000005,46.61,0,3,3,3,2,0.3333333333333333,29
CHEMBL1883312,CCCC(=O)N(C)c1ccc(/C=C2\C=Cc3ccccc32)cc1,0,0.586,0.586,303.40500000000003,5.016900000000004,20.31,0,1,4,3,2,0.1904761904761904,23
CHEMBL608533,CO[C@@H]1[C@H](N(C)C(=O)c2ccccc2)C[C@H]2O[C@]1(C)n1c3ccccc3c3c4c(c5c6ccccc6n2c5c31)C(=O)NC4,1,0.416,0.5840000000000001,570.6490000000002,5.906800000000007,77.72999999999999,1,4,3,9,6,0.2571428571428571,43
CHEMBL275372,COc1ccc2c(c1)c(CC(=O)OCC(CO)OC(=O)Cc1c(C)n(C(=O)c3ccc(Cl)cc3)c3ccc(OC)cc13)c(C)n2C(=O)c1ccc(Cl)cc1,0,0.584,0.584,771.6500000000001,7.146340000000008,135.29,1,9,12,6,6,0.2195121951219512,54
CHEMBL2105745,O=C(CCCc1ccccc1)OCC(COC(=O)CCCc1ccccc1)OC(=O)CCCc1ccccc1,1,0.42,0.5800000000000001,530.6610000000004,6.053300000000006,78.9,0,6,17,3,3,0.3636363636363636,39
CHEMBL1737,CCCc1nn(C)c2c(=O)[nH]c(-c3cc(S(=O)(=O)N4CCN(C)CC4)ccc3OCC)nc12,1,0.42,0.5800000000000001,474.5870000000004,1.6109,113.42,1,7,7,4,3,0.5,33
CHEMBL27984,Cc1cc(-c2ccccc2F)cc(C)n1,0,0.578,0.578,201.24399999999997,3.504540000000002,12.89,0,1,1,2,2,0.1538461538461538,15
CHEMBL4173394,CCOc1ccc(Nc2ccc(/C(=C3C=C/C(=[N+](/CC)Cc4cccc(S(=O)(=O)[O-])c4)C=C/3C)c3ccc(N(CC)Cc4cccc(S(=O)(=O)O)c4)cc3C)cc2)cc1,1,0.424,0.5760000000000001,832.0570000000001,9.306220000000003,139.07999999999998,2,8,15,6,5,0.2127659574468085,59
CHEMBL625,c1ccc2[nH]c(-c3cscn3)nc2c1,1,0.424,0.5760000000000001,201.254,2.6864,41.57,1,3,1,3,3,0.0,14
CHEMBL3183453,CO[C@@H]1[C@@H](OC(N)=O)[C@@H](O)[C@H](Oc2ccc3c(O)c(NC(=O)c4ccc(O)c(CC=C(C)C)c4)c(=O)oc3c2C)OC1(C)C,1,0.424,0.5760000000000001,612.6320000000002,3.6271200000000023,200.00999999999996,5,11,8,4,3,0.3870967741935484,44
CHEMBL1334083,Cc1cc(C(=O)NCCC2=CCCCC2)c(C)o1,0,0.574,0.574,247.3379999999999,3.516740000000002,42.24,1,2,4,2,1,0.5333333333333333,18
CHEMBL1909282,O=C(O)Cc1csc(-c2ccc(Cl)cc2)n1,1,0.428,0.5720000000000001,253.71,3.090600000000001,50.19,1,3,3,2,2,0.0909090909090909,16
CHEMBL1200609,Fc1ccc([C@@H]2CCNC[C@H]2COc2ccc3c(c2)OCO3)cc1,1,0.428,0.5720000000000001,329.3710000000001,3.326500000000002,39.72,1,4,4,4,2,0.3684210526315789,24
CHEMBL1381200,O=C(NCCc1ccccc1)C(=O)NN=C1CCCC1,0,0.57,0.57,273.33600000000007,1.391499999999999,70.56,2,3,4,2,1,0.4,20
CHEMBL1407048,CCOC(=O)C(CCSC)NC(=O)CN,0,0.57,0.57,234.32099999999997,-0.253899999999999,81.42,2,5,7,0,0,0.7777777777777778,15
CHEMBL915,CCCc1c2oc(C(=O)O)cc(=O)c2cc2c(=O)cc(C(=O)O)n(CC)c12,1,0.436,0.5640000000000001,371.34500000000014,2.476700000000001,126.80999999999996,2,5,5,3,3,0.2631578947368421,27
CHEMBL4298168,CC(C)[C@@H](C)[C@@]1(C)CC[C@]2(C)[C@H]3CC[C@@H]4[C@@]5(COC[C@@]4(C)[C@@H](OC[C@](C)(N)C(C)(C)C)[C@H](n4ncnc4-c4ccncc4)C5)C3=CC[C@@]2(C)[C@@H]1C(=O)O,1,0.436,0.5640000000000001,730.051,8.618400000000008,125.38,2,7,8,7,2,0.7727272727272727,53
CHEMBL3487921,Cc1nn(C)c(C)c1C1CCCN1C(=O)CCNS(C)(=O)=O,0,0.562,0.562,328.438,0.6397400000000006,84.30000000000001,1,4,5,2,1,0.7142857142857143,22
CHEMBL3286830,C[C@H]1Oc2cc(cnc2N)-c2c(nn(C)c2C#N)CN(C)C(=O)c2ccc(F)cc21,1,0.44,0.56,406.4210000000001,2.8006800000000016,110.06,1,6,0,4,3,0.238095238095238,30
CHEMBL35231,NCCCC(NC(=O)c1ccc(NCc2cnc3nc(N)nc(O)c3c2)cc1)C(=O)O,0,0.558,0.558,425.4490000000002,0.8465999999999991,189.36999999999995,6,9,9,3,3,0.25,31
CHEMBL31921,O=NN(CCCl)C(=O)NCCC(n1cc(F)c(=O)[nH]c1=O)n1c(=O)[nH]cc(F)c1=O,0,0.558,0.558,449.75800000000015,-0.9663999999999996,171.48999999999998,3,7,8,2,2,0.3571428571428571,30
CHEMBL1789941,N#CC[C@H](C1CCCC1)n1cc(-c2ncnc3[nH]ccc23)cn1,1,0.442,0.558,306.37300000000005,3.466380000000001,83.17999999999999,1,4,4,4,3,0.4117647058823529,23
CHEMBL405110,CN(C)c1ccc2nc3ccc(N(C)C)cc3[s+]c2c1,1,0.444,0.556,284.408,3.862600000000003,19.370000000000005,0,3,2,3,3,0.25,20
CHEMBL2163537,C=CCN1CC[C@]23c4c5ccc(O)c4O[C@H]2[C@H](NC(=O)c2cccc(F)c2)CC[C@@]3(O)[C@H]1C5,0,0.556,0.556,450.5100000000003,2.670000000000001,82.03,3,5,4,6,2,0.4230769230769231,33
CHEMBL3593842,CN(C)CCOc1cc(N2CC3CNCC(C3)C2)cc(F)c1F,0,0.554,0.554,325.40299999999996,1.9509,27.74,1,4,5,3,1,0.6470588235294118,23
CHEMBL15770,CC1=C(CC(=O)O)c2cc(F)ccc2/C1=C\c1ccc([S+](C)[O-])cc1,1,0.448,0.552,356.41800000000006,4.365500000000003,60.36,1,2,4,3,2,0.15,25
CHEMBL86304,O=C(NCCN1CCOCC1)c1ccc(Cl)cc1,1,0.45,0.55,268.74399999999997,1.4020000000000006,41.57000000000001,1,3,4,2,1,0.4615384615384615,18
CHEMBL362920,CCc1nc2cc3c(cc2o1)C1CNCC3C1,0,0.548,0.548,228.29499999999996,2.564300000000001,38.06,1,3,1,4,2,0.5,17
CHEMBL1483,CCCSc1ccc2[nH]c(NC(=O)OC)nc2c1,1,0.452,0.548,265.33799999999997,3.2433000000000005,67.01,2,4,4,2,2,0.3333333333333333,18
CHEMBL196459,CCCCC1(CCCC)CS(=O)(=O)c2ccc(N(C)C)cc2[C@@H](c2ccc(OC)c(F)c2)[C@H]1O,0,0.546,0.546,491.6690000000002,5.547200000000007,66.84,1,5,9,3,2,0.5555555555555556,34
CHEMBL219076,CC(=O)NCC=C(c1ccccc1)c1ccccc1,0,0.546,0.546,251.32900000000004,3.254400000000002,29.1,1,1,4,2,2,0.1176470588235294,19
CHEMBL4594382,[2H]C1([2H])C([C@@H](CC#N)n2cc(-c3ncnc4[nH]ccc34)cn2)C([2H])([2H])C([2H])([2H])C1([2H])[2H],1,0.456,0.544,314.42181422400006,3.466380000000002,83.17999999999999,1,4,4,4,3,0.4117647058823529,23
CHEMBL1200873,Cc1ccc(N(CC2=NCCN2)c2cccc(O)c2)cc1,1,0.456,0.544,281.35900000000004,2.840420000000001,47.86,2,4,4,3,2,0.2352941176470588,21
CHEMBL1730469,Cc1nc2ccccc2n1CCC(=O)O,0,0.544,0.544,204.22899999999993,1.81942,55.120000000000005,1,2,3,2,2,0.2727272727272727,15
CHEMBL58713,C#C[C@H](CC(=O)O)NC(=O)C[C@H]1CCCN(CCC2CCNCC2)C1=O,0,0.542,0.542,363.45800000000014,0.5975000000000001,98.74,3,4,8,2,0,0.7368421052631579,26
CHEMBL1574686,C=CCN1C(=O)CN=C1NCc1ccccc1,0,0.542,0.542,229.283,1.1603999999999997,44.7,1,3,4,2,1,0.2307692307692307,17
CHEMBL2018096,OC[C@H]1O[C@@H](c2ccc(F)c(Cc3cc4ccccc4s3)c2)[C@H](O)[C@@H](O)[C@@H]1O,1,0.458,0.542,404.459,2.1461,90.15,4,6,4,4,3,0.3333333333333333,28
CHEMBL3247062,COC1CCN(S(=O)(=O)c2cc(C)c(S(N)(=O)=O)c(C)c2)CC1,0,0.538,0.538,362.4730000000002,0.7503400000000008,106.76999999999998,1,5,4,2,1,0.5714285714285714,23
CHEMBL1802227,C[C@H](CCCc1ccoc1)CC(=O)C[C@@H](C)CCCc1ccoc1,0,0.538,0.538,330.468,5.839700000000006,43.35,0,3,12,2,2,0.5714285714285714,24
CHEMBL1184360,CCN(CC)CCOc1ccc2nc(N(C)C)sc2c1,1,0.464,0.536,293.43600000000004,3.0829000000000013,28.6,0,5,7,2,2,0.5333333333333333,20
CHEMBL2414747,O=C(NC[C@@H]1O[C@H](CO)[C@@H](O)[C@H](O)[C@H]1O)c1ccccc1O,0,0.534,0.534,313.30600000000004,-2.0355999999999987,139.48000000000002,6,7,4,2,1,0.5,22
CHEMBL1259059,CC(C)OC(=O)[C@H](C)N[P@](=O)(OC[C@H]1O[C@@H](n2ccc(=O)[nH]c2=O)[C@](C)(F)[C@@H]1O)Oc1ccccc1,1,0.466,0.534,529.4580000000002,1.6565000000000003,158.17999999999995,3,9,10,3,2,0.5,36
CHEMBL3989958,N#Cc1ccnc(N2C(=O)CC[C@H]2C(=O)N(c2cncc(F)c2)[C@H](C(=O)NC2CC(F)(F)C2)c2ccccc2Cl)c1,1,0.466,0.534,582.9700000000001,4.324580000000004,119.29,1,6,7,5,3,0.2857142857142857,41
CHEMBL2103795,CCOc1nc2cccc(C(=O)OCc3oc(=O)oc3C)c2n1Cc1ccc(-c2ccccc2-c2noc(=O)[nH]2)cc1,1,0.466,0.534,568.5420000000003,4.705220000000004,155.58999999999995,1,10,9,6,6,0.1666666666666666,42
CHEMBL393180,COC(=O)[C@@H]1Cc2cc(OC)c(OC)cc2[C@H]([C@H]2Cc3ccccc3CN2C(=O)OC(C)(C)C)N1C,0,0.534,0.534,496.6040000000003,4.136400000000004,77.54,0,7,4,4,2,0.5,36
CHEMBL162530,Cc1ccc(C2Sc3cc(Cl)ccc3N(CCN(C)C)C(=O)C2O)cc1,0,0.532,0.532,390.93600000000015,3.7509200000000034,43.78,1,4,4,3,2,0.35,26
CHEMBL281777,CCCCCCCCCCCCC(C)(C)C(=O)Nc1c(C)cc(C)c2c1OC(C)(C)C2,0,0.532,0.532,429.68900000000025,8.292640000000006,38.33,1,2,13,2,1,0.75,31
CHEMBL3483444,Cc1[nH]c(=O)[nH]c(=O)c1CC(=O)N1CCCN(CC2CC2)C(C(C)C)C1,0,0.532,0.532,362.4740000000001,0.883020000000001,89.26999999999998,2,4,5,3,1,0.7368421052631579,26
CHEMBL1204187,CC1(C)CC(=O)N(CCCCN2CCN(c3ncccn3)CC2)C(=O)C1,1,0.472,0.528,359.47400000000016,1.5539999999999996,69.64000000000001,0,6,6,3,1,0.6842105263157895,26
CHEMBL2023898,COC(=O)N[C@H](C(=O)N1CCC[C@H]1c1ncc(-c2ccc(-c3ccc(-c4cnc([C@@H]5CCCN5C(=O)[C@@H](NC(=O)OC)C(C)C)[nH]4)cc3)cc2)[nH]1)C(C)C,1,0.472,0.528,738.8900000000001,6.222000000000006,174.63999999999996,4,8,11,6,4,0.45,54
CHEMBL1091756,Nc1c(/N=N/c2ccc(-c3ccc(/N=N/c4c(S(=O)(=O)O)cc5cc(S(=O)(=O)O)c(/N=N/c6ccccc6)c(O)c5c4N)cc3)cc2)ccc2c(S(=O)(=O)O)cccc12,0,0.528,0.528,852.8890000000002,9.5163,309.53999999999996,6,15,10,7,7,0.0,59
CHEMBL3099925,C[C@H](c1cc(F)cc(F)c1)N(C/C=C/c1cnc2c(c1)C[C@@]1(C2)C(=O)Nc2ncccc21)C(=O)C1(C(F)(F)F)CC1,0,0.524,0.524,568.5460000000003,5.689000000000004,75.19,1,4,6,6,3,0.3333333333333333,41
CHEMBL1499965,COc1ccccc1COCC(O)CN1CCCCC1CO,0,0.524,0.524,309.406,1.4195,62.16,2,5,8,2,1,0.6470588235294118,22
CHEMBL566534,CO[C@H]1O[C@@H]2O[C@@]3(C)CC[C@H]4[C@H](C)CC[C@@H]([C@H]1C)[C@@]24OO3,1,0.476,0.524,298.379,2.8408000000000015,46.150000000000006,0,5,1,5,0,1.0,21
CHEMBL441774,CCNC(=O)[C@@H]1CCCN2C(=O)CC[C@H](NC(=O)[C@H](Cc3ccc(OP(=O)(O)O)cc3)NC(C)=O)C(=O)N12,0,0.52,0.52,553.5090000000001,-0.6453999999999969,194.68,5,7,9,3,1,0.5217391304347826,38
CHEMBL3462127,Cn1cnn(Cc2c(F)cccc2Br)c1=O,0,0.518,0.518,286.1040000000001,1.5316999999999998,39.82,0,2,2,2,2,0.2,16
CHEMBL1201322,CCCCCCCCCCCCCCCC[N+](C)(C)CCN(Cc1ccc(OC)cc1)c1ncccn1,1,0.482,0.518,511.81900000000024,8.049500000000009,38.25,0,4,22,2,2,0.6875,37
CHEMBL366192,C[C@@H](NP(=O)(OC[C@@H]1C=C[C@H](n2cnc3c(NC4CC4)nc(N)nc32)C1)Oc1ccccc1)C(=O)OC(C)(C)C,0,0.518,0.518,569.6030000000003,4.6235000000000035,155.50999999999996,3,10,11,5,3,0.4814814814814814,40
CHEMBL288185,C=C(C)[C@H]1C(=O)c2c3c(cc4c5c(n1c24)[C@@]1(C)C(CC[C@H]2[C@](C)(/C=C/CC=O)[C@@H](O)CC[C@@]21C)C5)C1=CC(C)(C)OC(C)(C)C1[C@@H]3O,0,0.518,0.518,637.8610000000003,7.74130000000001,88.76,2,5,4,8,2,0.6097560975609756,47
CHEMBL3407566,CN(C(=O)C[C@@]1(C)C[C@H](c2cccc(Cl)c2)[C@@H](c2ccc(Cl)cc2)N([C@H](CS(=O)(=O)C(C)(C)C)C2CC2)C1=O)c1ccc(C(=O)O)cc1,0,0.518,0.518,713.724,7.80010000000001,112.06000000000002,1,5,10,5,3,0.4324324324324324,48
CHEMBL2105762,CS(=O)(=O)n1cc2c(n1)CN([C@H]1CO[C@H](c3cc(F)ccc3F)[C@@H](N)C1)C2,1,0.486,0.514,398.4350000000001,1.1421,90.45,1,6,3,4,2,0.4705882352941176,27
CHEMBL1194121,c1ccc(Cc2ccccc2OCCCCN2CCOCC2)cc1,0,0.512,0.512,325.452,3.768600000000003,21.700000000000003,0,3,8,3,2,0.4285714285714285,24
CHEMBL1201754,NC(=O)c1cn(Cc2c(F)cccc2F)nn1,1,0.488,0.512,238.197,0.7035000000000001,73.80000000000001,1,3,3,2,2,0.1,17
CHEMBL36,CCc1nc(N)nc(N)c1-c1ccc(Cl)cc1,1,0.492,0.508,248.71700000000004,2.5238000000000005,77.82,2,4,2,2,2,0.1666666666666666,17
CHEMBL1200399,O=C1CC2(CCCC2)CC(=O)N1CCCCN1CCN(c2ncccn2)CC1,1,0.492,0.508,385.5120000000001,2.0881999999999996,69.64000000000001,0,6,6,4,1,0.7142857142857143,28
CHEMBL1643895,Cn1cc(C(=O)[C@@H]2CCc3[nH]cnc3C2)c2ccccc21,1,0.492,0.508,279.343,2.8892000000000015,50.68,1,2,2,4,3,0.2941176470588235,21
CHEMBL5095049,C1=C/COCc2cc(ccc2OCCN2CCCC2)Nc2nccc(n2)-c2cccc(c2)COC/1,1,0.494,0.506,472.58900000000017,4.964800000000004,68.74000000000001,1,7,4,5,3,0.3571428571428571,35
CHEMBL1417019,O=C1c2c(O)ccc(O)c2C(=O)c2c(NCCNCCO)ccc(NCCNCCO)c21,1,0.494,0.506,444.4880000000002,-0.1391999999999994,163.17999999999998,8,10,12,3,2,0.3636363636363636,32
CHEMBL934,CC(C)(C(=O)c1cccnc1)c1cccnc1,1,0.496,0.504,226.279,2.637100000000001,42.85,0,3,3,2,2,0.2142857142857142,17
CHEMBL169694,Nc1ccc(NC(=O)Nc2ccncc2)cc1,0,0.502,0.502,228.25500000000005,2.3078000000000003,80.03999999999999,3,3,2,2,2,0.0,17
CHEMBL1865386,O=[N+]([O-])c1ccccc1CCc1ccccc1[N+](=O)[O-],0,0.502,0.502,272.26,3.2882000000000016,86.28,0,4,5,2,2,0.1428571428571428,20
CHEMBL4280418,CC(C)C(=O)N1C[C@H](N(C)c2ncnc3[nH]ccc23)C2(CC2)C1,0,0.502,0.502,313.4050000000002,2.0410999999999992,65.12,1,4,3,4,2,0.5882352941176471,23
CHEMBL2323008,CCCCN1C(=O)c2ccccc2NC1c1ccc(C)s1,0,0.502,0.502,300.427,4.4231200000000035,32.34,1,3,4,3,2,0.3529411764705882,21
CHEMBL3329547,CC(=O)Nn1c(S)nnc1-c1ccncc1,0,0.5,0.5,235.272,0.7187999999999997,72.7,2,5,2,2,2,0.1111111111111111,16
