definition,seed,features,model,n_pos,n_neg,n_train,n_test,test_auc,test_pr_auc
random,1,desc10,LogReg,2014,2014,3023,1005,0.7523445557536558,0.7511786801856497
random,1,desc10,SVM,2014,2014,3023,1005,0.7801914020963087,0.7760817372272334
random,1,desc10,RandomForest,2014,2014,3023,1005,0.7876608009466168,0.8046264934591683
random,1,desc10,GradBoost,2014,2014,3023,1005,0.764573023017821,0.7701070514502006
random,1,morgan_bits,LogReg,2014,2014,3023,1005,0.7892977925597832,0.8009093957864528
random,1,morgan_bits,SVM,2014,2014,3023,1005,0.8394588933217136,0.8545622369783352
random,1,morgan_bits,RandomForest,2014,2014,3023,1005,0.8482454807838371,0.8745985341271834
random,1,morgan_bits,GradBoost,2014,2014,3023,1005,0.8311879881992692,0.8573853795026178
random,1,both,LogReg,2014,2014,3023,1005,0.7940268794422635,0.8072202228867565
random,1,both,SVM,2014,2014,3023,1005,0.8450874261454944,0.8593439355826705
random,1,both,RandomForest,2014,2014,3023,1005,0.8604359714415921,0.8744260664310808
random,1,both,GradBoost,2014,2014,3023,1005,0.8524309025640207,0.8696991233637406
random,2,desc10,LogReg,2014,2014,3055,973,0.6931355736991631,0.7191264405328749
random,2,desc10,SVM,2014,2014,3055,973,0.7404639417129499,0.7536126023029954
random,2,desc10,RandomForest,2014,2014,3055,973,0.7440428962657726,0.7674180230320315
random,2,desc10,GradBoost,2014,2014,3055,973,0.7250496958528491,0.7473325970384054
random,2,morgan_bits,LogReg,2014,2014,3055,973,0.7789195737674148,0.7769890890335343
random,2,morgan_bits,SVM,2014,2014,3055,973,0.8308634707754259,0.8577414893935916
random,2,morgan_bits,RandomForest,2014,2014,3055,973,0.8244392686818015,0.8636381623131535
random,2,morgan_bits,GradBoost,2014,2014,3055,973,0.8070350558385162,0.8415320273072084
random,2,both,LogReg,2014,2014,3055,973,0.7815941917705373,0.7813064120948844
random,2,both,SVM,2014,2014,3055,973,0.8318787165246176,0.8588661179952409
random,2,both,RandomForest,2014,2014,3055,973,0.8303729108545981,0.8630014007003182
random,2,both,GradBoost,2014,2014,3055,973,0.8194782148737769,0.844937796595983
random,3,desc10,LogReg,2014,2014,3295,733,0.6813086353145701,0.6390796022312837
random,3,desc10,SVM,2014,2014,3295,733,0.7427764289782094,0.7041133512475974
random,3,desc10,RandomForest,2014,2014,3295,733,0.723113928603543,0.6872830978952353
random,3,desc10,GradBoost,2014,2014,3295,733,0.7087941731858646,0.6682982252038628
random,3,morgan_bits,LogReg,2014,2014,3295,733,0.7500674399784192,0.7007959454959103
random,3,morgan_bits,SVM,2014,2014,3295,733,0.7912208134760063,0.7650015180186025
random,3,morgan_bits,RandomForest,2014,2014,3295,733,0.8153231124299375,0.7927877173694737
random,3,morgan_bits,GradBoost,2014,2014,3295,733,0.7822737763390584,0.7481965130230924
random,3,both,LogReg,2014,2014,3295,733,0.7557323981656325,0.7082857102219524
random,3,both,SVM,2014,2014,3295,733,0.7960615052603184,0.7698822089463211
random,3,both,RandomForest,2014,2014,3295,733,0.8265481221712676,0.8076486235030386
random,3,both,GradBoost,2014,2014,3295,733,0.8108158738722537,0.785868580240588
random,4,desc10,LogReg,2014,2014,3275,753,0.6557388626797367,0.6431920137355358
random,4,desc10,SVM,2014,2014,3275,753,0.7090666403005735,0.7026204241709033
random,4,desc10,RandomForest,2014,2014,3275,753,0.7354197858696573,0.7277647385928636
random,4,desc10,GradBoost,2014,2014,3275,753,0.7083957173931467,0.6948882175014262
random,4,morgan_bits,LogReg,2014,2014,3275,753,0.728459843498404,0.7054351620475143
random,4,morgan_bits,SVM,2014,2014,3275,753,0.7838922003446425,0.770808879420754
random,4,morgan_bits,RandomForest,2014,2014,3275,753,0.8093307720557077,0.7891351593914355
random,4,morgan_bits,GradBoost,2014,2014,3275,753,0.794754089098562,0.7703918612236058
random,4,both,LogReg,2014,2014,3275,753,0.7283256589169186,0.7074504743546812
random,4,both,SVM,2014,2014,3275,753,0.7858979067205288,0.7722457459136379
random,4,both,RandomForest,2014,2014,3275,753,0.8050121472357976,0.7898431563239872
random,4,both,GradBoost,2014,2014,3275,753,0.8034337128167461,0.7840134431045223
random,5,desc10,LogReg,2014,2014,3025,1003,0.7163854243091221,0.7449529324499969
random,5,desc10,SVM,2014,2014,3025,1003,0.7623094481128229,0.7995594512342674
random,5,desc10,RandomForest,2014,2014,3025,1003,0.7640213581152686,0.8224146172205993
random,5,desc10,GradBoost,2014,2014,3025,1003,0.7554618081030406,0.8081198605184648
random,5,morgan_bits,LogReg,2014,2014,3025,1003,0.763210238852205,0.787088377647647
random,5,morgan_bits,SVM,2014,2014,3025,1003,0.82172902910247,0.8612036425823443
random,5,morgan_bits,RandomForest,2014,2014,3025,1003,0.8038538354936007,0.8452833351277509
random,5,morgan_bits,GradBoost,2014,2014,3025,1003,0.8015896307165566,0.8344365205804964
random,5,both,LogReg,2014,2014,3025,1003,0.7650770359501101,0.7877801665235379
random,5,both,SVM,2014,2014,3025,1003,0.8260495638705471,0.8643465283331851
random,5,both,RandomForest,2014,2014,3025,1003,0.8343543653705062,0.8691923164820092
random,5,both,GradBoost,2014,2014,3025,1003,0.821292899649466,0.8505203859591535
property_matched,1,desc10,LogReg,2014,2014,2656,763,0.6054535451482017,0.622244752746085
property_matched,1,desc10,SVM,2014,2014,2656,763,0.6351488893473627,0.6476996358976541
property_matched,1,desc10,RandomForest,2014,2014,2656,763,0.6411973041744035,0.668667648343093
property_matched,1,desc10,GradBoost,2014,2014,2656,763,0.5965476927308988,0.6174252219718035
property_matched,1,morgan_bits,LogReg,2014,2014,2656,763,0.6688260779863834,0.6602447626055522
property_matched,1,morgan_bits,SVM,2014,2014,2656,763,0.7165050546729935,0.7269212007737342
property_matched,1,morgan_bits,RandomForest,2014,2014,2656,763,0.7571762602296953,0.7747591932299944
property_matched,1,morgan_bits,GradBoost,2014,2014,2656,763,0.7130871329344611,0.7159293615610332
property_matched,1,both,LogReg,2014,2014,2656,763,0.670792930334915,0.6614681737913918
property_matched,1,both,SVM,2014,2014,2656,763,0.7190220755106251,0.7280442406817372
property_matched,1,both,RandomForest,2014,2014,2656,763,0.7702805859294409,0.7837351183358343
property_matched,1,both,GradBoost,2014,2014,2656,763,0.7254590468330926,0.728091908967151
property_matched,2,desc10,LogReg,2014,2014,2720,736,0.6008051708217913,0.6109603192826423
property_matched,2,desc10,SVM,2014,2014,2720,736,0.6224339796860573,0.6326022189735814
property_matched,2,desc10,RandomForest,2014,2014,2720,736,0.6473056325023084,0.6575025919992756
property_matched,2,desc10,GradBoost,2014,2014,2720,736,0.6131117266851338,0.613671458461547
property_matched,2,morgan_bits,LogReg,2014,2014,2720,736,0.6738614958448753,0.6592729139663837
property_matched,2,morgan_bits,SVM,2014,2014,2720,736,0.7258134810710988,0.7472351974281778
property_matched,2,morgan_bits,RandomForest,2014,2014,2720,736,0.754976915974146,0.7645676560324244
property_matched,2,morgan_bits,GradBoost,2014,2014,2720,736,0.7168457987072946,0.719255294289488
property_matched,2,both,LogReg,2014,2014,2720,736,0.6744228993536472,0.6574376894790908
property_matched,2,both,SVM,2014,2014,2720,736,0.7269510618651893,0.7471277903176351
property_matched,2,both,RandomForest,2014,2014,2720,736,0.7689159741458911,0.7736993528862608
property_matched,2,both,GradBoost,2014,2014,2720,736,0.7328605724838412,0.7324515517091933
property_matched,3,desc10,LogReg,2014,2014,2660,768,0.5856713699263247,0.5800517157936208
property_matched,3,desc10,SVM,2014,2014,2660,768,0.5996044368322322,0.5884718846505009
property_matched,3,desc10,RandomForest,2014,2014,2660,768,0.6328942718103472,0.6235564452531477
property_matched,3,desc10,GradBoost,2014,2014,2660,768,0.6087526846641111,0.605714478033702
property_matched,3,morgan_bits,LogReg,2014,2014,2660,768,0.6362518011037708,0.614846022534772
property_matched,3,morgan_bits,SVM,2014,2014,2660,768,0.7022945382377729,0.6960183133007527
property_matched,3,morgan_bits,RandomForest,2014,2014,2660,768,0.7395909795285865,0.7354690502660304
property_matched,3,morgan_bits,GradBoost,2014,2014,2660,768,0.7159285539515537,0.699968613046106
property_matched,3,both,LogReg,2014,2014,2660,768,0.6370334121741021,0.6166361417179103
property_matched,3,both,SVM,2014,2014,2660,768,0.7030217763640813,0.6968614014436613
property_matched,3,both,RandomForest,2014,2014,2660,768,0.7418644482505506,0.7440222569076955
property_matched,3,both,GradBoost,2014,2014,2660,768,0.7198909822472338,0.7079737168520466
property_matched,4,desc10,LogReg,2014,2014,2760,698,0.6112395929694726,0.5772414466083658
property_matched,4,desc10,SVM,2014,2014,2760,698,0.6300796220430818,0.5919430906729575
property_matched,4,desc10,RandomForest,2014,2014,2760,698,0.6454341218448527,0.6327592017644919
property_matched,4,desc10,GradBoost,2014,2014,2760,698,0.6115451962468614,0.5792596299646114
property_matched,4,morgan_bits,LogReg,2014,2014,2760,698,0.6860050218052068,0.6231026045300954
property_matched,4,morgan_bits,SVM,2014,2014,2760,698,0.741170543147879,0.7006200156059524
property_matched,4,morgan_bits,RandomForest,2014,2014,2760,698,0.7669155543808643,0.7533253860397309
property_matched,4,morgan_bits,GradBoost,2014,2014,2760,698,0.7477699220298666,0.7085542662706918
property_matched,4,both,LogReg,2014,2014,2760,698,0.6877312673450509,0.6243753792378697
property_matched,4,both,SVM,2014,2014,2760,698,0.7425498876701466,0.7020961992248385
property_matched,4,both,RandomForest,2014,2014,2760,698,0.7778635853046122,0.769817294239936
property_matched,4,both,GradBoost,2014,2014,2760,698,0.7606217787762655,0.7374133200641555
property_matched,5,desc10,LogReg,2014,2014,2676,762,0.607368261492669,0.6018776319590539
property_matched,5,desc10,SVM,2014,2014,2676,762,0.6351491015323558,0.6142657734296177
property_matched,5,desc10,RandomForest,2014,2014,2676,762,0.660063664425091,0.6545158466018116
property_matched,5,desc10,GradBoost,2014,2014,2676,762,0.6294992283099988,0.629092011043259
property_matched,5,morgan_bits,LogReg,2014,2014,2676,762,0.6286655275052365,0.6142975892234568
property_matched,5,morgan_bits,SVM,2014,2014,2676,762,0.7122974313747107,0.7376345764338472
property_matched,5,morgan_bits,RandomForest,2014,2014,2676,762,0.7432442674457062,0.7654430231522346
property_matched,5,morgan_bits,GradBoost,2014,2014,2676,762,0.7050008268107154,0.7156813531276
property_matched,5,both,LogReg,2014,2014,2676,762,0.6306429831330616,0.6173560568106025
property_matched,5,both,SVM,2014,2014,2676,762,0.7141784257523978,0.7398441560228706
property_matched,5,both,RandomForest,2014,2014,2676,762,0.76730790431044,0.7814460154693244
property_matched,5,both,GradBoost,2014,2014,2676,762,0.7137443501267776,0.7279129674477711
era_matched,1,desc10,LogReg,1779,1779,2066,863,0.6293348216220902,0.6453967468793135
era_matched,1,desc10,SVM,1779,1779,2066,863,0.6591042091117951,0.689032740806002
era_matched,1,desc10,RandomForest,1779,1779,2066,863,0.632179548311587,0.6684153478627541
era_matched,1,desc10,GradBoost,1779,1779,2066,863,0.620716654384672,0.6622813031693819
era_matched,1,morgan_bits,LogReg,1779,1779,2066,863,0.6712904763968963,0.6974357198815666
era_matched,1,morgan_bits,SVM,1779,1779,2066,863,0.7213468290779834,0.7681028682346185
era_matched,1,morgan_bits,RandomForest,1779,1779,2066,863,0.7474641293510772,0.7938460409887136
era_matched,1,morgan_bits,GradBoost,1779,1779,2066,863,0.7250693571459534,0.7452634083072693
era_matched,1,both,LogReg,1779,1779,2066,863,0.6747745892756514,0.7002402685843543
era_matched,1,both,SVM,1779,1779,2066,863,0.7254378169838311,0.7705350888607913
era_matched,1,both,RandomForest,1779,1779,2066,863,0.7556190125276345,0.7861364560106734
era_matched,1,both,GradBoost,1779,1779,2066,863,0.7400678399583858,0.7593949418441929
era_matched,2,desc10,LogReg,1774,1774,2320,680,0.6291360651908753,0.6329671844647048
era_matched,2,desc10,SVM,1774,1774,2320,680,0.6977352745265962,0.6960022799283937
era_matched,2,desc10,RandomForest,1774,1774,2320,680,0.7022076315539061,0.7184608695227908
era_matched,2,desc10,GradBoost,1774,1774,2320,680,0.6773285236031454,0.6906727049812198
era_matched,2,morgan_bits,LogReg,1774,1774,2320,680,0.6317874722099672,0.6650264793611962
era_matched,2,morgan_bits,SVM,1774,1774,2320,680,0.6782757636311734,0.692796893711324
era_matched,2,morgan_bits,RandomForest,1774,1774,2320,680,0.7307632418965563,0.7488536592502062
era_matched,2,morgan_bits,GradBoost,1774,1774,2320,680,0.7022292580385643,0.7183594882878765
era_matched,2,both,LogReg,1774,1774,2320,680,0.6345037586830335,0.671006557383708
era_matched,2,both,SVM,1774,1774,2320,680,0.6793224854886288,0.695226772165505
era_matched,2,both,RandomForest,1774,1774,2320,680,0.7481898632341111,0.7572877866368833
era_matched,2,both,GradBoost,1774,1774,2320,680,0.7114767428783986,0.7216398312628078
era_matched,3,desc10,LogReg,1777,1777,2344,663,0.6227619847997662,0.6619356385480296
era_matched,3,desc10,SVM,1777,1777,2344,663,0.652815331774335,0.6719808842623138
era_matched,3,desc10,RandomForest,1777,1777,2344,663,0.6805849897690733,0.7064738526802787
era_matched,3,desc10,GradBoost,1777,1777,2344,663,0.6657044723764981,0.6869562896020107
era_matched,3,morgan_bits,LogReg,1777,1777,2344,663,0.6893817597193803,0.7130592869016916
era_matched,3,morgan_bits,SVM,1777,1777,2344,663,0.734443510669395,0.7638159373369506
era_matched,3,morgan_bits,RandomForest,1777,1777,2344,663,0.7670500219234142,0.8013919446926178
era_matched,3,morgan_bits,GradBoost,1777,1777,2344,663,0.7257106840105233,0.7664425946084255
era_matched,3,both,LogReg,1777,1777,2344,663,0.6912635194387606,0.7157221529006846
era_matched,3,both,SVM,1777,1777,2344,663,0.7405089885998246,0.7725990300749714
era_matched,3,both,RandomForest,1777,1777,2344,663,0.7662370286465945,0.8017341785402261
era_matched,3,both,GradBoost,1777,1777,2344,663,0.758403975445776,0.792874714405797
era_matched,4,desc10,LogReg,1776,1776,2278,701,0.6187787073490814,0.6690033050301655
era_matched,4,desc10,SVM,1776,1776,2278,701,0.6486917650918635,0.6630946639111407
era_matched,4,desc10,RandomForest,1776,1776,2278,701,0.6663344816272967,0.6974527334037643
era_matched,4,desc10,GradBoost,1776,1776,2278,701,0.6199598097112861,0.6510202303760634
era_matched,4,morgan_bits,LogReg,1776,1776,2278,701,0.7118438320209973,0.7406779435050739
era_matched,4,morgan_bits,SVM,1776,1776,2278,701,0.7291830708661418,0.7838101872344332
era_matched,4,morgan_bits,RandomForest,1776,1776,2278,701,0.7577632874015748,0.8029803293399673
era_matched,4,morgan_bits,GradBoost,1776,1776,2278,701,0.7354166666666667,0.7877298866249148
era_matched,4,both,LogReg,1776,1776,2278,701,0.7150754593175852,0.7460490986155207
era_matched,4,both,SVM,1776,1776,2278,701,0.7332431102362206,0.7894259636591472
era_matched,4,both,RandomForest,1776,1776,2278,701,0.7541584645669293,0.7993815707041946
era_matched,4,both,GradBoost,1776,1776,2278,701,0.7410761154855643,0.7916961791582372
era_matched,5,desc10,LogReg,1775,1775,2248,729,0.6635404896421846,0.6638432499555826
era_matched,5,desc10,SVM,1775,1775,2248,729,0.7127457627118643,0.6950212499157342
era_matched,5,desc10,RandomForest,1775,1775,2248,729,0.7091374764595104,0.7224271122718814
era_matched,5,desc10,GradBoost,1775,1775,2248,729,0.6928662900188324,0.7113468137309611
era_matched,5,morgan_bits,LogReg,1775,1775,2248,729,0.688542372881356,0.6869058522968553
era_matched,5,morgan_bits,SVM,1775,1775,2248,729,0.7603992467043315,0.7700493839068177
era_matched,5,morgan_bits,RandomForest,1775,1775,2248,729,0.7994124293785311,0.8083143347583127
era_matched,5,morgan_bits,GradBoost,1775,1775,2248,729,0.7777099811676084,0.7818835695633501
era_matched,5,both,LogReg,1775,1775,2248,729,0.6905084745762712,0.6877456114973495
era_matched,5,both,SVM,1775,1775,2248,729,0.764015065913371,0.7737987928465297
era_matched,5,both,RandomForest,1775,1775,2248,729,0.8002975517890772,0.8120081813589413
era_matched,5,both,GradBoost,1775,1775,2248,729,0.783954802259887,0.7818877223776015
phase23,1,desc10,LogReg,2014,2014,2948,1080,0.5982412182543544,0.6191906330121499
phase23,1,desc10,SVM,2014,2014,2948,1080,0.5684555665216364,0.6245740104618551
phase23,1,desc10,RandomForest,2014,2014,2948,1080,0.5590535036628255,0.620832968442348
phase23,1,desc10,GradBoost,2014,2014,2948,1080,0.5454777658849859,0.6039464314817378
phase23,1,morgan_bits,LogReg,2014,2014,2948,1080,0.5430746882775686,0.5783350495128698
phase23,1,morgan_bits,SVM,2014,2014,2948,1080,0.575807281168768,0.6391238406272354
phase23,1,morgan_bits,RandomForest,2014,2014,2948,1080,0.5795847871113027,0.6576284971951425
phase23,1,morgan_bits,GradBoost,2014,2014,2948,1080,0.5636772126384854,0.6097567539882272
phase23,1,both,LogReg,2014,2014,2948,1080,0.5454308511377695,0.5802756953018606
phase23,1,both,SVM,2014,2014,2948,1080,0.5794840072839489,0.6422218174248565
phase23,1,both,RandomForest,2014,2014,2948,1080,0.5951292066890005,0.6696913354626397
phase23,1,both,GradBoost,2014,2014,2948,1080,0.5801373385785179,0.6373071502758947
phase23,2,desc10,LogReg,2014,2014,3029,999,0.5551365879096635,0.5689995719317217
phase23,2,desc10,SVM,2014,2014,3029,999,0.5374664045890329,0.5555953719823543
phase23,2,desc10,RandomForest,2014,2014,3029,999,0.5348810622166954,0.5569049782911124
phase23,2,desc10,GradBoost,2014,2014,3029,999,0.5287717116611176,0.5481829441509722
phase23,2,morgan_bits,LogReg,2014,2014,3029,999,0.5474507601588512,0.5388284157717728
phase23,2,morgan_bits,SVM,2014,2014,3029,999,0.5724056319948654,0.575145860322901
phase23,2,morgan_bits,RandomForest,2014,2014,3029,999,0.5807573508764892,0.5923883747999137
phase23,2,morgan_bits,GradBoost,2014,2014,3029,999,0.5603995346784869,0.5712411092802834
phase23,2,both,LogReg,2014,2014,3029,999,0.5487063259657428,0.539451066180112
phase23,2,both,SVM,2014,2014,3029,999,0.5742067471619399,0.5779652992354147
phase23,2,both,RandomForest,2014,2014,3029,999,0.5864755906775242,0.5997094980683515
phase23,2,both,GradBoost,2014,2014,3029,999,0.5559910144811264,0.5590737569423009
phase23,3,desc10,LogReg,2014,2014,2994,1034,0.5555896610454996,0.5486518344996518
phase23,3,desc10,SVM,2014,2014,2994,1034,0.563484250126336,0.5499308420520203
phase23,3,desc10,RandomForest,2014,2014,2994,1034,0.5406707967583148,0.5492331761352873
phase23,3,desc10,GradBoost,2014,2014,2994,1034,0.5455913455239665,0.5539209794422751
phase23,3,morgan_bits,LogReg,2014,2014,2994,1034,0.553201444908196,0.5357614710003541
phase23,3,morgan_bits,SVM,2014,2014,2994,1034,0.5818300922719871,0.5856492306286123
phase23,3,morgan_bits,RandomForest,2014,2014,2994,1034,0.5966497594939077,0.5995436544016325
phase23,3,morgan_bits,GradBoost,2014,2014,2994,1034,0.5954406782833292,0.5860947892036052
phase23,3,both,LogReg,2014,2014,2994,1034,0.5517191038574557,0.5364931503614845
phase23,3,both,SVM,2014,2014,2994,1034,0.5821632446798555,0.5871325089052298
phase23,3,both,RandomForest,2014,2014,2994,1034,0.5990454622021748,0.600178229952949
phase23,3,both,GradBoost,2014,2014,2994,1034,0.5924535364689588,0.5881557816317673
phase23,4,desc10,LogReg,2014,2014,3298,730,0.5822558118579924,0.5758671755352618
phase23,4,desc10,SVM,2014,2014,3298,730,0.5736281311948099,0.5509911368986002
phase23,4,desc10,RandomForest,2014,2014,3298,730,0.5727495945215354,0.5643132555862871
phase23,4,desc10,GradBoost,2014,2014,3298,730,0.5551638433351355,0.5542256558390268
phase23,4,morgan_bits,LogReg,2014,2014,3298,730,0.5321379227488436,0.5288647044631756
phase23,4,morgan_bits,SVM,2014,2014,3298,730,0.5724830299753709,0.5856480503970132
phase23,4,morgan_bits,RandomForest,2014,2014,3298,730,0.5623423139304379,0.5809478572777363
phase23,4,morgan_bits,GradBoost,2014,2014,3298,730,0.5574878356460623,0.5557444237852518
phase23,4,both,LogReg,2014,2014,3298,730,0.5355394365351115,0.5316134418964373
phase23,4,both,SVM,2014,2014,3298,730,0.5751036222742836,0.5914052451763108
phase23,4,both,RandomForest,2014,2014,3298,730,0.5803260347209708,0.5948506772666102
phase23,4,both,GradBoost,2014,2014,3298,730,0.5582612482729621,0.5687184668052465
phase23,5,desc10,LogReg,2014,2014,2978,1050,0.5740247583664702,0.5475055607730677
phase23,5,desc10,SVM,2014,2014,2978,1050,0.5594723246161437,0.5402735914550498
phase23,5,desc10,RandomForest,2014,2014,2978,1050,0.5574260586886484,0.5511951176529796
phase23,5,desc10,GradBoost,2014,2014,2978,1050,0.5409343888776014,0.5420578132396043
phase23,5,morgan_bits,LogReg,2014,2014,2978,1050,0.5220445244245784,0.5115961249378007
phase23,5,morgan_bits,SVM,2014,2014,2978,1050,0.5576945403883551,0.5621616390868144
phase23,5,morgan_bits,RandomForest,2014,2014,2978,1050,0.5730977708762661,0.5751198541312329
phase23,5,morgan_bits,GradBoost,2014,2014,2978,1050,0.5476881548776594,0.5330967232824927
phase23,5,both,LogReg,2014,2014,2978,1050,0.522940672800627,0.511588225389844
phase23,5,both,SVM,2014,2014,2978,1050,0.5593199431109047,0.5663653805428143
phase23,5,both,RandomForest,2014,2014,2978,1050,0.5918969320523613,0.5845719468542058
phase23,5,both,GradBoost,2014,2014,2978,1050,0.56294081792587,0.5483642426216048
