definition,features,model,n_pos,mean_auc,sd_auc,min_auc,max_auc,mean_pr_auc
era_matched,both,GradBoost,1776.2,0.747,0.027,0.711,0.784,0.769
era_matched,both,LogReg,1776.2,0.681,0.03,0.635,0.715,0.704
era_matched,both,RandomForest,1776.2,0.765,0.021,0.748,0.8,0.791
era_matched,both,SVM,1776.2,0.729,0.031,0.679,0.764,0.76
era_matched,desc10,GradBoost,1776.2,0.655,0.033,0.62,0.693,0.68
era_matched,desc10,LogReg,1776.2,0.633,0.018,0.619,0.664,0.655
era_matched,desc10,RandomForest,1776.2,0.678,0.031,0.632,0.709,0.703
era_matched,desc10,SVM,1776.2,0.674,0.029,0.649,0.713,0.683
era_matched,morgan_bits,GradBoost,1776.2,0.733,0.028,0.702,0.778,0.76
era_matched,morgan_bits,LogReg,1776.2,0.679,0.03,0.632,0.712,0.701
era_matched,morgan_bits,RandomForest,1776.2,0.76,0.026,0.731,0.799,0.791
era_matched,morgan_bits,SVM,1776.2,0.725,0.03,0.678,0.76,0.756
phase23,both,GradBoost,2014.0,0.57,0.016,0.556,0.592,0.58
phase23,both,LogReg,2014.0,0.541,0.012,0.523,0.552,0.54
phase23,both,RandomForest,2014.0,0.591,0.007,0.58,0.599,0.61
phase23,both,SVM,2014.0,0.574,0.009,0.559,0.582,0.593
phase23,desc10,GradBoost,2014.0,0.543,0.01,0.529,0.555,0.56
phase23,desc10,LogReg,2014.0,0.573,0.018,0.555,0.598,0.572
phase23,desc10,RandomForest,2014.0,0.553,0.015,0.535,0.573,0.568
phase23,desc10,SVM,2014.0,0.561,0.014,0.537,0.574,0.564
phase23,morgan_bits,GradBoost,2014.0,0.565,0.018,0.548,0.595,0.571
phase23,morgan_bits,LogReg,2014.0,0.54,0.012,0.522,0.553,0.539
phase23,morgan_bits,RandomForest,2014.0,0.578,0.013,0.562,0.597,0.601
phase23,morgan_bits,SVM,2014.0,0.572,0.009,0.558,0.582,0.59
property_matched,both,GradBoost,2014.0,0.731,0.018,0.714,0.761,0.727
property_matched,both,LogReg,2014.0,0.66,0.025,0.631,0.688,0.635
property_matched,both,RandomForest,2014.0,0.765,0.014,0.742,0.778,0.771
property_matched,both,SVM,2014.0,0.721,0.015,0.703,0.743,0.723
property_matched,desc10,GradBoost,2014.0,0.612,0.012,0.597,0.629,0.609
property_matched,desc10,LogReg,2014.0,0.602,0.01,0.586,0.611,0.598
property_matched,desc10,RandomForest,2014.0,0.645,0.01,0.633,0.66,0.647
property_matched,desc10,SVM,2014.0,0.624,0.015,0.6,0.635,0.615
property_matched,morgan_bits,GradBoost,2014.0,0.72,0.016,0.705,0.748,0.712
property_matched,morgan_bits,LogReg,2014.0,0.659,0.025,0.629,0.686,0.634
property_matched,morgan_bits,RandomForest,2014.0,0.752,0.011,0.74,0.767,0.759
property_matched,morgan_bits,SVM,2014.0,0.72,0.015,0.702,0.741,0.722
random,both,GradBoost,2014.0,0.821,0.019,0.803,0.852,0.827
random,both,LogReg,2014.0,0.765,0.025,0.728,0.794,0.758
random,both,RandomForest,2014.0,0.831,0.02,0.805,0.86,0.841
random,both,SVM,2014.0,0.817,0.025,0.786,0.845,0.825
random,desc10,GradBoost,2014.0,0.732,0.026,0.708,0.765,0.738
random,desc10,LogReg,2014.0,0.7,0.037,0.656,0.752,0.7
random,desc10,RandomForest,2014.0,0.751,0.025,0.723,0.788,0.762
random,desc10,SVM,2014.0,0.747,0.027,0.709,0.78,0.747
random,morgan_bits,GradBoost,2014.0,0.803,0.018,0.782,0.831,0.81
random,morgan_bits,LogReg,2014.0,0.762,0.024,0.728,0.789,0.754
random,morgan_bits,RandomForest,2014.0,0.82,0.017,0.804,0.848,0.833
random,morgan_bits,SVM,2014.0,0.813,0.025,0.784,0.839,0.822
