seed,features,model,test_auc
1,descriptors,LogReg,0.6927583291053611
1,descriptors,SVM,0.7250397429392863
1,descriptors,RandomForest,0.7429595805851513
1,descriptors,GradBoost,0.7418636901741924
1,fingerprints,LogReg,0.769091831557585
1,fingerprints,SVM,0.8231895822763402
1,fingerprints,RandomForest,0.8238728225942837
1,fingerprints,GradBoost,0.8011838322340605
1,both,LogReg,0.7706612548621681
1,both,SVM,0.8257196008794181
1,both,RandomForest,0.8219888381532217
1,both,GradBoost,0.823683409436834
2,descriptors,LogReg,0.6987864662862655
2,descriptors,SVM,0.7229429355756989
2,descriptors,RandomForest,0.7256669359648418
2,descriptors,GradBoost,0.706859066818376
2,fingerprints,LogReg,0.7447730070172619
2,fingerprints,SVM,0.7946044489186479
2,fingerprints,RandomForest,0.787830401367076
2,fingerprints,GradBoost,0.7776344340719998
2,both,LogReg,0.7471924607790471
2,both,SVM,0.7965247845967083
2,both,RandomForest,0.8049040466633111
2,both,GradBoost,0.786758143449921
3,descriptors,LogReg,0.6869477124183005
3,descriptors,SVM,0.7461307189542483
3,descriptors,RandomForest,0.7594640522875816
3,descriptors,GradBoost,0.7407581699346406
3,fingerprints,LogReg,0.7214183006535948
3,fingerprints,SVM,0.798032679738562
3,fingerprints,RandomForest,0.8233529411764705
3,fingerprints,GradBoost,0.8145816993464052
3,both,LogReg,0.7205228758169934
3,both,SVM,0.7994901960784313
3,both,RandomForest,0.8285816993464054
3,both,GradBoost,0.8146601307189543
4,descriptors,LogReg,0.6942702702702703
4,descriptors,SVM,0.7225552825552826
4,descriptors,RandomForest,0.7308239148239148
4,descriptors,GradBoost,0.7267780507780507
4,fingerprints,LogReg,0.7439672399672399
4,fingerprints,SVM,0.805995085995086
4,fingerprints,RandomForest,0.836995904995905
4,fingerprints,GradBoost,0.8216740376740378
4,both,LogReg,0.7457493857493858
4,both,SVM,0.808995904995905
4,both,RandomForest,0.8302604422604423
4,both,GradBoost,0.81407371007371
5,descriptors,LogReg,0.6835652794805125
5,descriptors,SVM,0.72827273094696
5,descriptors,RandomForest,0.7221024694518168
5,descriptors,GradBoost,0.7086639632478747
5,fingerprints,LogReg,0.7513977393670765
5,fingerprints,SVM,0.8104328613577269
5,fingerprints,RandomForest,0.8128208064450941
5,fingerprints,GradBoost,0.7999986527813329
5,both,LogReg,0.7529739852075391
5,both,SVM,0.813046465571827
5,both,RandomForest,0.8142421221388445
5,both,GradBoost,0.797735325420669
