features,model,n_train,n_test,cutoff_year,test_auc,ci_low,ci_high
desc10,LogReg,2617,600,2015,0.5542491657397107,0.5104575237505421,0.6045399963954261
desc10,SVM,2617,600,2015,0.6096218020022247,0.5637793517942671,0.6551632850348905
desc10,RandomForest,2617,600,2015,0.6307063403781981,0.5860690648966645,0.673767901831336
desc10,GradBoost,2617,600,2015,0.6352280311457175,0.5907936962297571,0.6777343155154544
morgan_bits,LogReg,2617,600,2015,0.6906006674082313,0.6486035541724483,0.7315763701225062
morgan_bits,SVM,2617,600,2015,0.7094771968854283,0.665838906638809,0.7498604768657744
morgan_bits,RandomForest,2617,600,2015,0.7421078976640713,0.7001515600860352,0.7812796745077913
morgan_bits,GradBoost,2617,600,2015,0.7320467185761956,0.689043866398629,0.77025811505388
both,LogReg,2617,600,2015,0.6830033370411568,0.6399363905009662,0.7228498173229168
both,SVM,2617,600,2015,0.7059844271412681,0.6619062897906569,0.7480431551860823
both,RandomForest,2617,600,2015,0.7190322580645163,0.6747177630043023,0.7585921275054119
both,GradBoost,2617,600,2015,0.7218464961067854,0.6785137268890177,0.7588451765397567
